Method,Job,AnalyzeLaunchVariance,EvaluateOverhead,MaxAbsoluteError,MaxRelativeError,MinInvokeCount,MinIterationTime,OutlierMode,Affinity,EnvironmentVariables,Jit,LargeAddressAware,Platform,PowerPlanMode,Runtime,AllowVeryLargeObjects,Concurrent,CpuGroups,Force,HeapAffinitizeMask,HeapCount,NoAffinitize,RetainVm,Server,Arguments,BuildConfiguration,Clock,EngineFactory,NuGetReferences,Toolchain,IsMutator,InvocationCount,IterationCount,IterationTime,LaunchCount,MaxIterationCount,MaxWarmupIterationCount,MemoryRandomization,MinIterationCount,MinWarmupIterationCount,RunStrategy,UnrollFactor,WarmupCount,WorkflowSize,taskCount,Mean,Error,StdDev,Ratio,RatioSD,Gen0,Gen1,Gen2,Allocated,Alloc Ratio
MeasureExecutionScheduling,.NET 8.0,False,Default,Default,Default,Default,Default,Default,0000000000000000,Empty,RyuJit,Default,X64,8c5e7fda-e8bf-4a96-9a85-a6e23a8c635c,.NET 8.0,False,True,False,True,Default,Default,False,False,False,Default,Default,Default,Default,Default,Default,Default,Default,Default,Default,Default,Default,Default,Default,Default,Default,Default,16,Default,10,10,7.903 μs,0.1782 μs,0.5255 μs,1.31,0.09,0.2213,0.0000,0.0000,1.84 KB,1.16
CompareAgainstDirectExecution,.NET 8.0,False,Default,Default,Default,Default,Default,Default,0000000000000000,Empty,RyuJit,Default,X64,8c5e7fda-e8bf-4a96-9a85-a6e23a8c635c,.NET 8.0,False,True,False,True,Default,Default,False,False,False,Default,Default,Default,Default,Default,Default,Default,Default,Default,Default,Default,Default,Default,Default,Default,Default,Default,16,Default,10,10,5.550 μs,0.1099 μs,0.1504 μs,1.00,0.00,0.1907,0.0000,0.0000,1.59 KB,1.00
MeasureExecutionScheduling,.NET 8.0,False,Default,Default,Default,Default,Default,Default,0000000000000000,Empty,RyuJit,Default,X64,8c5e7fda-e8bf-4a96-9a85-a6e23a8c635c,.NET 8.0,False,True,False,True,Default,Default,False,False,False,Default,Default,Default,Default,Default,Default,Default,Default,Default,Default,Default,Default,Default,Default,Default,Default,Default,16,Default,10,20,12.639 μs,0.2485 μs,0.2762 μs,?,?,0.4120,0.0000,0.0000,3.35 KB,?
MeasureExecutionScheduling,.NET 8.0,False,Default,Default,Default,Default,Default,Default,0000000000000000,Empty,RyuJit,Default,X64,8c5e7fda-e8bf-4a96-9a85-a6e23a8c635c,.NET 8.0,False,True,False,True,Default,Default,False,False,False,Default,Default,Default,Default,Default,Default,Default,Default,Default,Default,Default,Default,Default,Default,Default,Default,Default,16,Default,10,50,28.531 μs,0.4805 μs,0.5141 μs,?,?,0.9155,0.0000,0.0000,7.62 KB,?
MeasureGraphBuildingOnly,.NET 8.0,False,Default,Default,Default,Default,Default,Default,0000000000000000,Empty,RyuJit,Default,X64,8c5e7fda-e8bf-4a96-9a85-a6e23a8c635c,.NET 8.0,False,True,False,True,Default,Default,False,False,False,Default,Default,Default,Default,Default,Default,Default,Default,Default,Default,Default,Default,Default,Default,Default,Default,Default,16,Default,10,?,9.295 μs,0.1582 μs,0.1480 μs,?,?,1.9226,0.0305,0.0000,15.72 KB,?
MeasureTemplateResolutionOnly,.NET 8.0,False,Default,Default,Default,Default,Default,Default,0000000000000000,Empty,RyuJit,Default,X64,8c5e7fda-e8bf-4a96-9a85-a6e23a8c635c,.NET 8.0,False,True,False,True,Default,Default,False,False,False,Default,Default,Default,Default,Default,Default,Default,Default,Default,Default,Default,Default,Default,Default,Default,Default,Default,16,Default,10,?,7.931 μs,0.1567 μs,0.1609 μs,?,?,1.2054,0.0000,0.0000,9.93 KB,?
MeasureEndToEndOrchestration,.NET 8.0,False,Default,Default,Default,Default,Default,Default,0000000000000000,Empty,RyuJit,Default,X64,8c5e7fda-e8bf-4a96-9a85-a6e23a8c635c,.NET 8.0,False,True,False,True,Default,Default,False,False,False,Default,Default,Default,Default,Default,Default,Default,Default,Default,Default,Default,Default,Default,Default,Default,Default,Default,16,Default,10,?,226.517 μs,4.1472 μs,8.9274 μs,?,?,7.3242,3.4180,0.4883,63.36 KB,?
MeasureExecutionScheduling,.NET 8.0,False,Default,Default,Default,Default,Default,Default,0000000000000000,Empty,RyuJit,Default,X64,8c5e7fda-e8bf-4a96-9a85-a6e23a8c635c,.NET 8.0,False,True,False,True,Default,Default,False,False,False,Default,Default,Default,Default,Default,Default,Default,Default,Default,Default,Default,Default,Default,Default,Default,Default,Default,16,Default,20,10,6.738 μs,0.1335 μs,0.1639 μs,1.30,0.12,0.2213,0.0000,0.0000,1.84 KB,1.16
CompareAgainstDirectExecution,.NET 8.0,False,Default,Default,Default,Default,Default,Default,0000000000000000,Empty,RyuJit,Default,X64,8c5e7fda-e8bf-4a96-9a85-a6e23a8c635c,.NET 8.0,False,True,False,True,Default,Default,False,False,False,Default,Default,Default,Default,Default,Default,Default,Default,Default,Default,Default,Default,Default,Default,Default,Default,Default,16,Default,20,10,5.140 μs,0.1025 μs,0.2789 μs,1.00,0.00,0.1907,0.0000,0.0000,1.59 KB,1.00
MeasureExecutionScheduling,.NET 8.0,False,Default,Default,Default,Default,Default,Default,0000000000000000,Empty,RyuJit,Default,X64,8c5e7fda-e8bf-4a96-9a85-a6e23a8c635c,.NET 8.0,False,True,False,True,Default,Default,False,False,False,Default,Default,Default,Default,Default,Default,Default,Default,Default,Default,Default,Default,Default,Default,Default,Default,Default,16,Default,20,20,12.453 μs,0.2432 μs,0.2275 μs,?,?,0.4120,0.0000,0.0000,3.35 KB,?
MeasureExecutionScheduling,.NET 8.0,False,Default,Default,Default,Default,Default,Default,0000000000000000,Empty,RyuJit,Default,X64,8c5e7fda-e8bf-4a96-9a85-a6e23a8c635c,.NET 8.0,False,True,False,True,Default,Default,False,False,False,Default,Default,Default,Default,Default,Default,Default,Default,Default,Default,Default,Default,Default,Default,Default,Default,Default,16,Default,20,50,28.125 μs,0.2716 μs,0.2408 μs,?,?,0.9155,0.0000,0.0000,7.52 KB,?
MeasureGraphBuildingOnly,.NET 8.0,False,Default,Default,Default,Default,Default,Default,0000000000000000,Empty,RyuJit,Default,X64,8c5e7fda-e8bf-4a96-9a85-a6e23a8c635c,.NET 8.0,False,True,False,True,Default,Default,False,False,False,Default,Default,Default,Default,Default,Default,Default,Default,Default,Default,Default,Default,Default,Default,Default,Default,Default,16,Default,20,?,15.996 μs,0.3194 μs,0.4478 μs,?,?,3.7537,0.1526,0.0000,30.71 KB,?
MeasureTemplateResolutionOnly,.NET 8.0,False,Default,Default,Default,Default,Default,Default,0000000000000000,Empty,RyuJit,Default,X64,8c5e7fda-e8bf-4a96-9a85-a6e23a8c635c,.NET 8.0,False,True,False,True,Default,Default,False,False,False,Default,Default,Default,Default,Default,Default,Default,Default,Default,Default,Default,Default,Default,Default,Default,Default,Default,16,Default,20,?,7.451 μs,0.1451 μs,0.1727 μs,?,?,1.2131,0.0000,0.0000,9.93 KB,?
MeasureEndToEndOrchestration,.NET 8.0,False,Default,Default,Default,Default,Default,Default,0000000000000000,Empty,RyuJit,Default,X64,8c5e7fda-e8bf-4a96-9a85-a6e23a8c635c,.NET 8.0,False,True,False,True,Default,Default,False,False,False,Default,Default,Default,Default,Default,Default,Default,Default,Default,Default,Default,Default,Default,Default,Default,Default,Default,16,Default,20,?,265.035 μs,5.1526 μs,7.8685 μs,?,?,13.6719,3.9063,0.9766,117.99 KB,?
MeasureExecutionScheduling,.NET 8.0,False,Default,Default,Default,Default,Default,Default,0000000000000000,Empty,RyuJit,Default,X64,8c5e7fda-e8bf-4a96-9a85-a6e23a8c635c,.NET 8.0,False,True,False,True,Default,Default,False,False,False,Default,Default,Default,Default,Default,Default,Default,Default,Default,Default,Default,Default,Default,Default,Default,Default,Default,16,Default,50,10,6.337 μs,0.0933 μs,0.0827 μs,1.17,0.06,0.2213,0.0000,0.0000,1.84 KB,1.16
CompareAgainstDirectExecution,.NET 8.0,False,Default,Default,Default,Default,Default,Default,0000000000000000,Empty,RyuJit,Default,X64,8c5e7fda-e8bf-4a96-9a85-a6e23a8c635c,.NET 8.0,False,True,False,True,Default,Default,False,False,False,Default,Default,Default,Default,Default,Default,Default,Default,Default,Default,Default,Default,Default,Default,Default,Default,Default,16,Default,50,10,5.358 μs,0.1060 μs,0.2165 μs,1.00,0.00,0.1907,0.0000,0.0000,1.59 KB,1.00
MeasureExecutionScheduling,.NET 8.0,False,Default,Default,Default,Default,Default,Default,0000000000000000,Empty,RyuJit,Default,X64,8c5e7fda-e8bf-4a96-9a85-a6e23a8c635c,.NET 8.0,False,True,False,True,Default,Default,False,False,False,Default,Default,Default,Default,Default,Default,Default,Default,Default,Default,Default,Default,Default,Default,Default,Default,Default,16,Default,50,20,12.098 μs,0.1952 μs,0.1826 μs,?,?,0.3967,0.0000,0.0000,3.33 KB,?
MeasureExecutionScheduling,.NET 8.0,False,Default,Default,Default,Default,Default,Default,0000000000000000,Empty,RyuJit,Default,X64,8c5e7fda-e8bf-4a96-9a85-a6e23a8c635c,.NET 8.0,False,True,False,True,Default,Default,False,False,False,Default,Default,Default,Default,Default,Default,Default,Default,Default,Default,Default,Default,Default,Default,Default,Default,Default,16,Default,50,50,27.664 μs,0.4025 μs,0.3765 μs,?,?,0.9155,0.0000,0.0000,7.58 KB,?
MeasureGraphBuildingOnly,.NET 8.0,False,Default,Default,Default,Default,Default,Default,0000000000000000,Empty,RyuJit,Default,X64,8c5e7fda-e8bf-4a96-9a85-a6e23a8c635c,.NET 8.0,False,True,False,True,Default,Default,False,False,False,Default,Default,Default,Default,Default,Default,Default,Default,Default,Default,Default,Default,Default,Default,Default,Default,Default,16,Default,50,?,39.498 μs,0.7760 μs,1.3591 μs,?,?,9.0332,0.7324,0.0000,74.18 KB,?
MeasureTemplateResolutionOnly,.NET 8.0,False,Default,Default,Default,Default,Default,Default,0000000000000000,Empty,RyuJit,Default,X64,8c5e7fda-e8bf-4a96-9a85-a6e23a8c635c,.NET 8.0,False,True,False,True,Default,Default,False,False,False,Default,Default,Default,Default,Default,Default,Default,Default,Default,Default,Default,Default,Default,Default,Default,Default,Default,16,Default,50,?,7.484 μs,0.1007 μs,0.0841 μs,?,?,1.2131,0.0000,0.0000,9.93 KB,?
MeasureEndToEndOrchestration,.NET 8.0,False,Default,Default,Default,Default,Default,Default,0000000000000000,Empty,RyuJit,Default,X64,8c5e7fda-e8bf-4a96-9a85-a6e23a8c635c,.NET 8.0,False,True,False,True,Default,Default,False,False,False,Default,Default,Default,Default,Default,Default,Default,Default,Default,Default,Default,Default,Default,Default,Default,Default,Default,16,Default,50,?,475.112 μs,9.4909 μs,19.8111 μs,?,?,39.0625,9.7656,0.0000,332.61 KB,?
